{
    "PL": {
        "a": 0.0003956109244, "b": -0.0000002646193476, "c": 0,
        "rSq": 0.9999999983,
        "description": "Plain steel"
    },
    "CG": {
        "a": 0.0003769267706, "b": -0.001326558938, "c": 0,
        "rSq": 0.9974653096,
        "description": "Steel flatwound"
    },
    "PB": {
        "a": 0.0003504919832, "b": 0.0005941710054, "c": 0,
        "rSq": 0.9999092769,
        "description": "Phosphor Bronze roundwound"
    },
    "NW": {
        "a": 0.0003186483981, "b": 0.0004124301356, "c": 0,
        "rSq": 0.9999035025,
        "description": "Nickel Plated Steel roundwound"
    },
    "NYL": {
        "a": 0.00005047250389, "b": -0.0000001117927618, "c": 0,
        "rSq": 0.9999999895,
        "description": "Rectified Nylon"
    },
    "NYLW": {
        "a": 0.0004121504571, "b": -0.004276417748, "c": 0,
        "rSq": 0.9991048928,
        "description": "Silver-plated copper wound nylon"
    }
}
