{
    "PL": {
        "a": 0.0003956080302, "b": -0.0000001667810579, "c": -0.0000007387387505,
        "rSq": 0.9999999952,
        "description": "Plain steel"
    },
    "CG": {
        "a": 0.0004851216704, "b": -0.01058925003, "c": 0.1809884581,
        "rSq": 0.9941207486,
        "description": "Steel flatwound"
    },
    "PB": {
        "a": 0.0003194864618, "b": 0.00340372025, "c":  -0.05636952751,
        "rSq": 0.9998887925,
        "description": "Phosphor Bronze roundwound"
    },
    "NW": {
        "a": 0.0003176929906, "b": 0.0005065200346, "c": -0.002014823811,
        "rSq": 0.9997257278,
        "description": "Nickel Plated Steel roundwound"
    },
    "NYL": {
        "a": 0.0000504659116, "b": 0.0000002860977314, "c": -0.000005670167721,
        "rSq": 0.999999943,
        "description": "Rectified Nylon"
    },
    "NYLW": {
        "a": 0.0004338672081, "b": -0.005957644982, "c": 0.03003131977,
        "rSq": 0.9972329052,
        "description": "Silver-plated copper wound nylon"
    }
}